candidate_id,rank,score,reasoning
CAND_0093912,1,0.9009,"Senior Data Scientist presenting 5.3 years of industry exposure to search and recommendation systems. Among the more technically mature profiles reviewed, stands out through experience building search, ranking, and large-scale retrieval systems. Multiple signals confirm strong technical evidence across the broader talent pool; immediate interview prioritization is recommended. Activity signals suggest the candidate may be available in the near term."
CAND_0095619,2,0.8660,"NLP Engineer with 15.6 years of functional and technical work in large language models and NLP. Within this evaluation set, consistently outperforms peers on production retrieval and ranking delivery. The profile compares favorably against the full candidate distribution on key dimensions; first-priority scheduling for a technical interview is recommended. Recent platform activity implies the candidate is currently reachable."
CAND_0013536,3,0.8543,"Applied ML Engineer with 14.1 years of documented delivery in large language models and NLP. Relative to peer profiles, the candidate demonstrates a more mature foundation in production retrieval and ranking delivery. Multiple signals confirm strong technical evidence across the broader talent pool; first-priority scheduling for a technical interview is recommended. Engagement patterns suggest favorable timing for outreach."
CAND_0040887,4,0.8379,"Machine Learning Engineer with 4.7 years of cumulative technical experience in search and recommendation systems. Stronger and more consistent signals of practical technical contribution distinguish this profile from peers. Cross-referenced against the broader distribution, the profile demonstrates strong signals; fast-track for early technical interview without delay. Activity signals suggest the candidate may be available in the near term."
CAND_0006567,5,0.8342,"Senior AI Engineer demonstrating 7.9 years of consistent contribution to applied machine learning and analytics. Relative to the pool, demonstrates more developed and credible advanced modeling specialization. The profile compares favorably against the full candidate distribution on key dimensions; first-priority scheduling for a technical interview is recommended. Activity signals suggest the candidate may be available in the near term."
CAND_0061244,6,0.8293,"Computer Vision Engineer with 6.2 years of functional and technical work in computer vision and deep learning. Demonstrates a credible technical foundation in end-to-end ML production ownership, with some dimensions requiring further validation. Evidence from the broader 100k pool is consistently strong and differentiated; first-priority scheduling for a technical interview is recommended. Activity signals suggest the candidate may be available in the near term."
CAND_0012957,7,0.8245,"Search Engineer with 4.9 years of technical depth in large language models and NLP. Compared with peers reviewed, the profile presents a reasonable technical baseline in practical technical contribution. Evidence from the broader 100k pool is consistently strong and differentiated; priority outreach and a first-round technical evaluation are advised. The candidate may not be actively seeking new roles at this time."
CAND_0091890,8,0.8193,"Technical specialist with 4.7 years of applied computer vision and deep learning experience. Provides credible but not dominant evidence of experience building search, ranking, and large-scale retrieval systems relative to this candidate pool. The profile compares favorably against the full candidate distribution on key dimensions; fast-track for early technical interview without delay. Digital engagement suggests receptivity to initial contact."
CAND_0013613,9,0.8182,"Data and engineering professional with 4.7 years focused on computer vision and deep learning. Among evaluated candidates, presents moderate but viable signals of experience building search, ranking, and large-scale retrieval systems. Evidence from the broader 100k pool is consistently strong and differentiated; first-priority scheduling for a technical interview is recommended. Candidate availability is uncertain; initial contact is advisable."
CAND_0083852,10,0.8178,"Data Scientist with 6.0 years of practical production ML and MLOps background. Evidence of experience building search, ranking, and large-scale retrieval systems is present, placing the profile in the competitive mid-range of this set. Multiple signals confirm strong technical evidence across the broader talent pool; priority outreach and a first-round technical evaluation are advised. Activity signals suggest the candidate may be available in the near term."
CAND_0074225,11,0.8116,"Machine Learning Engineer with 4.3 years of technical delivery spanning search and recommendation systems. Evidence of experience building search, ranking, and large-scale retrieval systems is present, placing the profile in the competitive mid-range of this set. Benchmarked against the broader pool, evidence is consistently above average; a structured technical screen is recommended without delay. Digital engagement suggests receptivity to initial contact."
CAND_0084819,12,0.8107,Search Engineer with a 4.5-year track record in search and recommendation systems. The profile compares favorably with mid-tier candidates through evidence of practical technical contribution. The profile compares favorably against the full candidate distribution on key dimensions; this profile merits serious consideration for a first-round technical evaluation. Digital engagement suggests receptivity to initial contact.
CAND_0003791,13,0.8091,ML Engineer with 6.6 years delivering computer vision and deep learning capabilities across roles. Provides credible but not dominant evidence of advanced modeling specialization relative to this candidate pool. Multiple signals confirm strong technical evidence across the broader talent pool; inclusion in the shortlist for structured first-round screening is warranted. A brief exploratory outreach is recommended to assess availability.
CAND_0096142,14,0.8088,"Applied ML Engineer with a 5.0-year track record in large language models and NLP. Within the evaluation set, offers adequate signals of experience building search, ranking, and large-scale retrieval systems with areas of genuine strength. Cross-referenced against the broader distribution, the profile demonstrates strong signals; a structured technical screen is recommended without delay. Digital engagement suggests receptivity to initial contact."
CAND_0061265,15,0.8081,"Technical specialist with 6.6 years of applied large language models and NLP experience. Provides credible but not dominant evidence of end-to-end ML production ownership relative to this candidate pool. Benchmarked against the broader pool, evidence is consistently above average; inclusion in the shortlist for structured first-round screening is warranted. Activity signals suggest the candidate may be available in the near term."
CAND_0015493,16,0.8039,"Data Scientist with 6.4 years of technical depth in computer vision and deep learning. Demonstrates a credible technical foundation in experience building search, ranking, and large-scale retrieval systems, with some dimensions requiring further validation. Evidence from the broader 100k pool is consistently strong and differentiated; this profile merits serious consideration for a first-round technical evaluation. Digital engagement suggests receptivity to initial contact."
CAND_0052195,17,0.8015,Computer Vision Engineer demonstrating 6.3 years of consistent contribution to large language models and NLP. The profile compares favorably with mid-tier candidates through evidence of end-to-end ML production ownership. The profile compares favorably against the full candidate distribution on key dimensions; scheduling a technical evaluation is a well-supported next step. Activity signals suggest the candidate may be available in the near term.
CAND_0093331,18,0.8005,"Technology professional with 16.1 years of industry work in large language models and NLP. Demonstrates a credible technical foundation in experience building search, ranking, and large-scale retrieval systems, with some dimensions requiring further validation. Benchmarked against the broader pool, evidence is consistently above average; inclusion in the shortlist for structured first-round screening is warranted. A light-touch outreach is advisable to gauge current interest."
CAND_0091534,19,0.7939,"AI Engineer with 16.6 years of experience in large language models and NLP. Relative to the candidate pool, experience building search, ranking, and large-scale retrieval systems signals are solid but not among the most differentiated. Cross-referenced against the broader distribution, the profile demonstrates strong signals; this profile merits serious consideration for a first-round technical evaluation. A brief exploratory outreach is recommended to assess availability."
CAND_0052328,20,0.7871,"Applied ML professional with 6.5 years focused on computer vision and deep learning. Relative to the candidate pool, advanced modeling specialization signals are solid but not among the most differentiated. Cross-referenced against the broader distribution, the profile demonstrates strong signals; inclusion in the shortlist for structured first-round screening is warranted. Digital engagement suggests receptivity to initial contact."
CAND_0035879,21,0.7856,"Practitioner with 4.5 years of progressive work in production ML and MLOps. Relative to the candidate pool, advanced modeling specialization signals are solid but not among the most differentiated. Benchmarked against the broader pool, evidence is consistently above average; scheduling a technical evaluation is a well-supported next step. Profile signals indicate openness to new opportunities."
CAND_0012888,22,0.7853,"Technology professional with 6.4 years of industry work in computer vision and deep learning. Within the evaluation set, offers adequate signals of experience building search, ranking, and large-scale retrieval systems with areas of genuine strength. Benchmarked against the broader pool, evidence is consistently above average; a structured technical screen is recommended without delay. Engagement patterns suggest favorable timing for outreach."
CAND_0024147,23,0.7829,"ML Engineer with 5.9 years of cumulative technical experience in computer vision and deep learning. Shows partial alignment through end-to-end ML production ownership, though overall depth is mixed. Evidence from the broader 100k pool is consistently strong and differentiated; inclusion in the shortlist for structured first-round screening is warranted. Engagement patterns suggest favorable timing for outreach."
CAND_0028793,24,0.7810,"Search Engineer with 7.2 years of functional and technical work in search and recommendation systems. Within the evaluation set, offers adequate signals of advanced modeling specialization with areas of genuine strength. The profile compares favorably against the full candidate distribution on key dimensions; this profile merits serious consideration for a first-round technical evaluation. Recent activity suggests near-term availability."
CAND_0037944,25,0.7806,"Senior Data Scientist with 4.9 years delivering large language models and NLP capabilities across roles. Shows above-average evidence of experience building search, ranking, and large-scale retrieval systems in select areas, with uneven consistency overall. Cross-referenced against the broader distribution, the profile demonstrates strong signals; inclusion in the shortlist for structured first-round screening is warranted. Digital engagement suggests receptivity to initial contact."
CAND_0037566,26,0.7766,"Machine Learning Engineer offering 6.9 years of practical exposure to large language models and NLP. Shows partial alignment through advanced modeling specialization, though overall depth is mixed. Benchmarked against the broader pool, evidence is consistently above average; this profile merits serious consideration for a first-round technical evaluation. Engagement patterns suggest favorable timing for outreach."
CAND_0066999,27,0.7738,"Practitioner with 5.9 years of progressive work in search and recommendation systems. Relative to the candidate pool, experience building search, ranking, and large-scale retrieval systems signals are solid but not among the most differentiated. Multiple signals confirm strong technical evidence across the broader talent pool; scheduling a technical evaluation is a well-supported next step. Digital engagement suggests receptivity to initial contact."
CAND_0050553,28,0.7681,"Applied ML professional with 3.6 years focused on applied machine learning and analytics. Compared with peers reviewed, the profile presents a reasonable technical baseline in experience delivering production machine learning systems end-to-end. Benchmarked against the broader pool, evidence is consistently above average; scheduling a technical evaluation is a well-supported next step. Engagement patterns suggest favorable timing for outreach."
CAND_0027801,29,0.7616,"NLP Engineer with 7.4 years of applied industry experience in search and recommendation systems. Provides credible but not dominant evidence of experience building search, ranking, and large-scale retrieval systems relative to this candidate pool. Benchmarked against the broader pool, evidence is consistently above average; this profile merits serious consideration for a first-round technical evaluation. Activity signals suggest the candidate may be available in the near term."
CAND_0014440,30,0.7610,"Recommendation Systems Engineer with 6.4 years of practical search and recommendation systems background. Demonstrates a credible technical foundation in experience building search, ranking, and large-scale retrieval systems, with some dimensions requiring further validation. Multiple signals confirm strong technical evidence across the broader talent pool; inclusion in the shortlist for structured first-round screening is warranted. Recent activity suggests near-term availability."
CAND_0055992,31,0.7608,"AI Engineer with 16.9 years of technical depth in large language models and NLP. Demonstrates a credible technical foundation in practical technical contribution, with some dimensions requiring further validation. Benchmarked against the broader pool, evidence is consistently above average; a structured technical screen is recommended without delay. Activity signals suggest the candidate may be available in the near term."
CAND_0073314,32,0.7587,"Senior Software Engineer bringing 5.2 years of focused work in production ML and MLOps. The profile compares favorably with mid-tier candidates through evidence of advanced modeling specialization. Cross-referenced against the broader distribution, the profile demonstrates strong signals; a structured technical screen is recommended without delay. Profile signals indicate openness to new opportunities."
CAND_0076284,33,0.7565,Data Engineer with 3.9 years of progressive experience in computer vision and deep learning. The profile compares favorably with mid-tier candidates through evidence of broad multi-domain ML delivery. The profile compares favorably against the full candidate distribution on key dimensions; this profile merits serious consideration for a first-round technical evaluation. Candidate availability is uncertain; initial contact is advisable.
CAND_0010257,34,0.7525,"Senior Data Scientist with 6.5 years of technical delivery spanning applied machine learning and analytics. Compared with peers reviewed, the profile presents a reasonable technical baseline in experience building search, ranking, and large-scale retrieval systems. Cross-referenced against the broader distribution, the profile demonstrates strong signals; a structured technical screen is recommended without delay. Engagement patterns suggest favorable timing for outreach."
CAND_0089947,35,0.7523,"Junior ML Engineer with 5.4 years delivering search and recommendation systems capabilities across roles. Shows above-average evidence of experience delivering production machine learning systems end-to-end in select areas, with uneven consistency overall. Evidence from the broader 100k pool is consistently strong and differentiated; scheduling a technical evaluation is a well-supported next step. Engagement signals are limited; long-term pipelining is more appropriate."
CAND_0008978,36,0.7520,"Junior ML Engineer offering 6.7 years of practical exposure to large language models and NLP. Shows partial alignment through experience building search, ranking, and large-scale retrieval systems, though overall depth is mixed. The profile compares favorably against the full candidate distribution on key dimensions; inclusion in the shortlist for structured first-round screening is warranted. Platform activity is sparse; sustained outreach may be required."
CAND_0046064,37,0.7519,"Senior NLP Engineer with 8.9 years of accumulated computer vision and deep learning experience. Shows solid evidence of experience building search, ranking, and large-scale retrieval systems, though not uniformly across all evaluated dimensions. Evidence from the broader 100k pool is consistently strong and differentiated; inclusion in the shortlist for structured first-round screening is warranted. Digital engagement suggests receptivity to initial contact."
CAND_0087494,38,0.7518,"ML Engineer with 3.4 years of technical work spanning large language models and NLP. Relative to this evaluation pool, signals of experience building search, ranking, and large-scale retrieval systems are solid but not exceptional. Cross-referenced against the broader distribution, the profile demonstrates strong signals; scheduling a technical evaluation is a well-supported next step. Recent activity suggests near-term availability."
CAND_0092706,39,0.7464,"AI Research Engineer with 5.8 years of practical large language models and NLP background. Shows partial alignment through end-to-end ML production ownership, though overall depth is mixed. Cross-referenced against the broader distribution, the profile demonstrates strong signals; inclusion in the shortlist for structured first-round screening is warranted. Recent platform activity implies the candidate is currently reachable."
CAND_0064904,40,0.7426,"AI Engineer with 4.9 years of technical work spanning large language models and NLP. Compared with peers reviewed, the profile presents a reasonable technical baseline in experience building search, ranking, and large-scale retrieval systems. Multiple signals confirm strong technical evidence across the broader talent pool; a structured technical screen is recommended without delay. A light-touch outreach is advisable to gauge current interest."
CAND_0099806,41,0.7417,"Applied ML professional with 4.6 years focused on large language models and NLP. Among evaluated candidates, presents moderate but viable signals of advanced modeling specialization. Multiple signals confirm strong technical evidence across the broader talent pool; scheduling a technical evaluation is a well-supported next step. Activity signals suggest the candidate may be available in the near term."
CAND_0072489,42,0.7405,"Engineering professional with 4.4 years specializing in production ML and MLOps. Provides credible but not dominant evidence of experience delivering production machine learning systems end-to-end relative to this candidate pool. Cross-referenced against the broader distribution, the profile demonstrates strong signals; inclusion in the shortlist for structured first-round screening is warranted. A light-touch outreach is advisable to gauge current interest."
CAND_0018549,43,0.7397,"Recommendation Systems Engineer with 6.8 years of progressive experience in large language models and NLP. Within the evaluation set, offers adequate signals of broad multi-domain ML delivery with areas of genuine strength. Evidence from the broader 100k pool is consistently strong and differentiated; scheduling a technical evaluation is a well-supported next step. Recent activity suggests near-term availability."
CAND_0036520,44,0.7390,"Data Scientist with 4.2 years of practical computer vision and deep learning background. Relative to this evaluation pool, signals of experience building search, ranking, and large-scale retrieval systems are solid but not exceptional. Multiple signals confirm strong technical evidence across the broader talent pool; this profile merits serious consideration for a first-round technical evaluation. Activity signals suggest the candidate may be available in the near term."
CAND_0077296,45,0.7385,"Computer Vision Engineer with 5.8 years of technical depth in search and recommendation systems. Demonstrates a credible technical foundation in experience building search, ranking, and large-scale retrieval systems, with some dimensions requiring further validation. Cross-referenced against the broader distribution, the profile demonstrates strong signals; this profile merits serious consideration for a first-round technical evaluation. Profile signals indicate openness to new opportunities."
CAND_0044855,46,0.7361,"Senior Data Scientist with a 6.6-year track record in search and recommendation systems. Shows above-average evidence of broad multi-domain ML delivery in select areas, with uneven consistency overall. Evidence from the broader 100k pool is consistently strong and differentiated; this profile merits serious consideration for a first-round technical evaluation. A light-touch outreach is advisable to gauge current interest."
CAND_0037980,47,0.7298,"Practitioner with 9.0 years of progressive work in search and recommendation systems. Evidence of experience building search, ranking, and large-scale retrieval systems is present, placing the profile in the competitive mid-range of this set. Cross-referenced against the broader distribution, the profile demonstrates strong signals; a structured technical screen is recommended without delay. Profile signals indicate openness to new opportunities."
CAND_0031593,48,0.7281,"Search Engineer with 7.8 years of applied industry experience in large language models and NLP. Shows partial alignment through broad multi-domain ML delivery, though overall depth is mixed. Cross-referenced against the broader distribution, the profile demonstrates strong signals; this profile merits serious consideration for a first-round technical evaluation. Availability timing warrants an initial contact to confirm openness."
CAND_0072688,49,0.7280,"Data Scientist with 6.9 years of technical involvement in computer vision and deep learning. Shows above-average evidence of broad multi-domain ML delivery in select areas, with uneven consistency overall. Cross-referenced against the broader distribution, the profile demonstrates strong signals; a structured technical screen is recommended without delay. Activity signals suggest the candidate may be available in the near term."
CAND_0055960,50,0.7272,"AI Specialist with 4.9 years of practical production ML and MLOps background. Shows solid evidence of advanced modeling specialization, though not uniformly across all evaluated dimensions. Benchmarked against the broader pool, evidence is consistently above average; this profile merits serious consideration for a first-round technical evaluation. Engagement patterns suggest favorable timing for outreach."
CAND_0037000,51,0.7261,"Engineering contributor with 2.7 years of applied large language models and NLP experience. Against higher-ranked candidates, delivers weaker signals of experience building search, ranking, and large-scale retrieval systems. Evidence from the broader 100k pool is consistently strong and differentiated; this profile merits serious consideration for a first-round technical evaluation. Candidate availability is uncertain; initial contact is advisable."
CAND_0074731,52,0.7210,"Data Scientist with 6.6 years of hands-on work in computer vision and deep learning. Within this evaluation pool, offers limited evidence of experience delivering production machine learning systems end-to-end compared with top-ranked profiles. Benchmarked against the broader pool, evidence is consistently above average; inclusion in the shortlist for structured first-round screening is warranted. Availability timing warrants an initial contact to confirm openness."
CAND_0075249,53,0.7209,"Applied ML Engineer with a 6.2-year track record in large language models and NLP. Provides comparatively less evidence of experience building search, ranking, and large-scale retrieval systems than higher-ranked profiles in this set. Evidence from the broader 100k pool is consistently strong and differentiated; a structured technical screen is recommended without delay. Recent activity suggests near-term availability."
CAND_0076904,54,0.7193,"Senior Data Scientist with 4.2 years of technical work spanning search and recommendation systems. Within this evaluation pool, offers limited evidence of practical technical contribution compared with top-ranked profiles. The profile compares favorably against the full candidate distribution on key dimensions; a structured technical screen is recommended without delay. Recent activity suggests near-term availability."
CAND_0039383,55,0.7165,"Applied ML Engineer with 7.1 years delivering search and recommendation systems capabilities across roles. Against the stronger profiles reviewed, evidence of advanced modeling specialization is less developed. Benchmarked against the broader pool, evidence is consistently above average; inclusion in the shortlist for structured first-round screening is warranted. Candidate availability is uncertain; initial contact is advisable."
CAND_0068910,56,0.7145,Senior Software Engineer bringing 5.7 years of focused work in production ML and MLOps. Provides comparatively less evidence of strong practical technical signals despite limited external visibility than higher-ranked profiles in this set. Evidence from the broader 100k pool is consistently strong and differentiated; this profile merits serious consideration for a first-round technical evaluation. Recent platform activity implies the candidate is currently reachable.
CAND_0065277,57,0.7141,"Computer Vision Engineer with 6.3 years of accumulated large language models and NLP experience. Against the stronger profiles reviewed, evidence of end-to-end ML production ownership is less developed. Multiple signals confirm strong technical evidence across the broader talent pool; inclusion in the shortlist for structured first-round screening is warranted. Candidate availability is uncertain; initial contact is advisable."
CAND_0018499,58,0.7139,"Data and engineering professional with 7.2 years focused on search and recommendation systems. Compared with the top tier of this evaluation, the experience building search, ranking, and large-scale retrieval systems foundation is narrower. Cross-referenced against the broader distribution, the profile demonstrates strong signals; inclusion in the shortlist for structured first-round screening is warranted. Digital engagement suggests receptivity to initial contact."
CAND_0041669,59,0.7138,"Engineering professional with 8.0 years specializing in search and recommendation systems. Compared with the top tier of this evaluation, the experience building search, ranking, and large-scale retrieval systems foundation is narrower. Cross-referenced against the broader distribution, the profile demonstrates strong signals; this profile merits serious consideration for a first-round technical evaluation. Engagement patterns suggest favorable timing for outreach."
CAND_0074486,60,0.7124,"Computer Vision Engineer with a 5.5-year track record in computer vision and deep learning. Against the stronger profiles reviewed, evidence of end-to-end ML production ownership is less developed. Cross-referenced against the broader distribution, the profile demonstrates strong signals; inclusion in the shortlist for structured first-round screening is warranted. Availability timing warrants an initial contact to confirm openness."
CAND_0018320,61,0.7119,"Software Engineer with 7.0 years of technical involvement in search and recommendation systems. Compared with profiles ranked above, provides less consistent evidence of advanced modeling specialization. Evidence from the broader 100k pool is consistently strong and differentiated; inclusion in the shortlist for structured first-round screening is warranted. A brief exploratory outreach is recommended to assess availability."
CAND_0049540,62,0.7116,"ML Engineer with 6.8 years of hands-on work in computer vision and deep learning. The profile ranks below the central cluster, offering limited signals of advanced modeling specialization. The profile compares favorably against the full candidate distribution on key dimensions; a structured technical screen is recommended without delay. Profile signals indicate openness to new opportunities."
CAND_0058426,63,0.7109,"Data Scientist with 6.5 years of experience in large language models and NLP. The profile ranks below the central cluster, offering limited signals of experience building search, ranking, and large-scale retrieval systems. Multiple signals confirm strong technical evidence across the broader talent pool; scheduling a technical evaluation is a well-supported next step. Engagement patterns suggest favorable timing for outreach."
CAND_0064130,64,0.7105,"Data and engineering professional with 6.7 years focused on computer vision and deep learning. Compared with the top tier of this evaluation, the advanced modeling specialization foundation is narrower. Evidence from the broader 100k pool is consistently strong and differentiated; inclusion in the shortlist for structured first-round screening is warranted. A light-touch outreach is advisable to gauge current interest."
CAND_0047721,65,0.7105,"Technology practitioner with 7.0 years of work in search and recommendation systems. Against the stronger profiles reviewed, evidence of experience building search, ranking, and large-scale retrieval systems is less developed. Evidence from the broader 100k pool is consistently strong and differentiated; inclusion in the shortlist for structured first-round screening is warranted. Low engagement signals suggest this is not an optimal outreach window."
CAND_0069905,66,0.7094,"Applied ML Engineer with 6.6 years of applied work across computer vision and deep learning. Compared with profiles ranked above, provides less consistent evidence of advanced modeling specialization. Evidence from the broader 100k pool is consistently strong and differentiated; scheduling a technical evaluation is a well-supported next step. Profile signals indicate openness to new opportunities."
CAND_0087778,67,0.7079,"Engineering professional with 5.8 years specializing in large language models and NLP. The profile ranks below the central cluster, offering limited signals of experience delivering production machine learning systems end-to-end. Cross-referenced against the broader distribution, the profile demonstrates strong signals; a structured technical screen is recommended without delay. Recent platform activity implies the candidate is currently reachable."
CAND_0086151,68,0.7064,"Recommendation Systems Engineer with 7.7 years delivering large language models and NLP capabilities across roles. Provides comparatively less evidence of practical technical contribution than higher-ranked profiles in this set. Cross-referenced against the broader distribution, the profile demonstrates strong signals; a structured technical screen is recommended without delay. Availability timing warrants an initial contact to confirm openness."
CAND_0076482,69,0.7064,"ML Engineer with 6.6 years of experience in large language models and NLP. Compared with profiles ranked above, provides less consistent evidence of broad multi-domain ML delivery. Multiple signals confirm strong technical evidence across the broader talent pool; inclusion in the shortlist for structured first-round screening is warranted. Candidate availability is uncertain; initial contact is advisable."
CAND_0057529,70,0.7054,"Junior ML Engineer demonstrating 6.9 years of consistent contribution to production ML and MLOps. Compared with the top tier of this evaluation, the experience building search, ranking, and large-scale retrieval systems foundation is narrower. The profile compares favorably against the full candidate distribution on key dimensions; a structured technical screen is recommended without delay. Engagement signals are limited; long-term pipelining is more appropriate."
CAND_0053591,71,0.7043,"AI Engineer with 5.3 years delivering large language models and NLP capabilities across roles. Within this evaluation pool, offers limited evidence of experience building search, ranking, and large-scale retrieval systems compared with top-ranked profiles. Evidence from the broader 100k pool is consistently strong and differentiated; this profile merits serious consideration for a first-round technical evaluation. Recent platform activity implies the candidate is currently reachable."
CAND_0073504,72,0.7037,"Technical specialist with 6.6 years of applied search and recommendation systems experience. Against higher-ranked candidates, delivers weaker signals of end-to-end ML production ownership. Benchmarked against the broader pool, evidence is consistently above average; a structured technical screen is recommended without delay. Activity signals suggest the candidate may be available in the near term."
CAND_0002120,73,0.7036,"ML Engineer with 6.5 years of practical large language models and NLP background. Compared with the top tier of this evaluation, the experience building search, ranking, and large-scale retrieval systems foundation is narrower. Evidence from the broader 100k pool is consistently strong and differentiated; inclusion in the shortlist for structured first-round screening is warranted. Recent activity suggests near-term availability."
CAND_0093547,74,0.7034,"Senior Machine Learning Engineer with 2.9 years of technical work spanning search and recommendation systems. Against the stronger profiles reviewed, evidence of experience building search, ranking, and large-scale retrieval systems is less developed. Benchmarked against the broader pool, evidence is consistently above average; scheduling a technical evaluation is a well-supported next step. Availability timing warrants an initial contact to confirm openness."
CAND_0016163,75,0.7026,"Applied ML Engineer with 6.7 years of functional and technical work in computer vision and deep learning. The profile ranks below the central cluster, offering limited signals of experience building search, ranking, and large-scale retrieval systems. Cross-referenced against the broader distribution, the profile demonstrates strong signals; this profile merits serious consideration for a first-round technical evaluation. Recent activity suggests near-term availability."
CAND_0075439,76,0.7015,"Machine Learning Engineer building search and recommendation systems over 4.3 years of industry experience. Compared with profiles ranked above, provides less consistent evidence of experience building search, ranking, and large-scale retrieval systems. Cross-referenced against the broader distribution, the profile demonstrates strong signals; a structured technical screen is recommended without delay. A light-touch outreach is advisable to gauge current interest."
CAND_0030348,77,0.7010,"Machine Learning Engineer with 4.5 years of domain exposure in computer vision and deep learning. Compared with profiles ranked above, provides less consistent evidence of experience building search, ranking, and large-scale retrieval systems. The profile compares favorably against the full candidate distribution on key dimensions; this profile merits serious consideration for a first-round technical evaluation. Profile signals indicate openness to new opportunities."
CAND_0044248,78,0.7009,"Junior ML Engineer demonstrating 6.9 years of consistent contribution to production ML and MLOps. Against higher-ranked candidates, delivers weaker signals of broad multi-domain ML delivery. Multiple signals confirm strong technical evidence across the broader talent pool; a structured technical screen is recommended without delay. Candidate availability is uncertain; initial contact is advisable."
CAND_0088049,79,0.7000,"Junior ML Engineer with 5.9 years delivering large language models and NLP capabilities across roles. Relative to stronger candidates reviewed, demonstrates fewer differentiated signals of experience building search, ranking, and large-scale retrieval systems. Benchmarked against the broader pool, evidence is consistently above average; a structured technical screen is recommended without delay. The candidate may not be actively seeking new roles at this time."
CAND_0076163,80,0.6998,"NLP Engineer with 6.9 years of technical delivery spanning large language models and NLP. Within this pool, provides baseline but undifferentiated signals of advanced modeling specialization. Multiple signals confirm strong technical evidence across the broader talent pool; inclusion in the shortlist for structured first-round screening is warranted. Digital engagement suggests receptivity to initial contact."
CAND_0041402,81,0.6995,"AI Specialist with 6.3 years of technical depth in search and recommendation systems. Compared with profiles ranked above, provides less consistent evidence of end-to-end ML production ownership. The profile shows partial overlap with role requirements but lacks consistent depth signals. Multiple signals confirm strong technical evidence across the broader talent pool; this profile merits serious consideration for a first-round technical evaluation."
CAND_0046278,82,0.6995,"Senior Software Engineer with 4.6 years of accumulated large language models and NLP experience. Against the stronger profiles reviewed, evidence of advanced modeling specialization is less developed. Technical depth in the core areas evaluated is limited relative to the broader candidate set. Evidence from the broader 100k pool is consistently strong and differentiated; inclusion in the shortlist for structured first-round screening is warranted."
CAND_0063328,83,0.6976,"Computer Vision Engineer with 4.6 years of technical delivery spanning search and recommendation systems. Within this evaluation pool, offers limited evidence of end-to-end ML production ownership compared with top-ranked profiles. The profile demonstrates fewer differentiated technical signals than higher-ranked candidates. Multiple signals confirm strong technical evidence across the broader talent pool; this profile merits serious consideration for a first-round technical evaluation."
CAND_0043860,84,0.6971,"Data and engineering professional with 6.1 years focused on search and recommendation systems. Compared with profiles ranked above, provides less consistent evidence of experience building search, ranking, and large-scale retrieval systems. End-to-end technical ownership and sustained delivery evidence is weaker than higher-ranked peers. The profile compares favorably against the full candidate distribution on key dimensions; this profile merits serious consideration for a first-round technical evaluation."
CAND_0030827,85,0.6949,"Senior Data Scientist with 5.4 years of technical depth in large language models and NLP. The profile ranks below the central cluster, offering limited signals of practical technical contribution. Technical depth in the core areas evaluated is limited relative to the broader candidate set. The profile compares favorably against the full candidate distribution on key dimensions; this profile merits serious consideration for a first-round technical evaluation."
CAND_0061655,86,0.6936,"Machine Learning Engineer with 4.6 years of technical involvement in large language models and NLP. Provides comparatively less evidence of experience building search, ranking, and large-scale retrieval systems than higher-ranked profiles in this set. The profile demonstrates fewer differentiated technical signals than higher-ranked candidates. Cross-referenced against the broader distribution, the profile demonstrates strong signals; scheduling a technical evaluation is a well-supported next step."
CAND_0052682,87,0.6927,"NLP Engineer with 6.6 years of applied work across large language models and NLP. The profile ranks below the central cluster, offering limited signals of experience building search, ranking, and large-scale retrieval systems. Differentiated technical evidence is sparse; the profile aligns more closely with generalist backgrounds. Cross-referenced against the broader distribution, the profile demonstrates strong signals; scheduling a technical evaluation is a well-supported next step."
CAND_0044222,88,0.6922,"AI Engineer building large language models and NLP over 7.7 years of industry experience. Within this pool, provides baseline but undifferentiated signals of experience building search, ranking, and large-scale retrieval systems. Provides comparatively less evidence of sustained work in the core areas prioritized for this role. Cross-referenced against the broader distribution, the profile demonstrates strong signals; inclusion in the shortlist for structured first-round screening is warranted."
CAND_0034177,89,0.6922,"Engineering professional with 3.6 years specializing in large language models and NLP. Compared with the top tier of this evaluation, the experience building search, ranking, and large-scale retrieval systems foundation is narrower. Differentiated technical evidence is sparse; the profile aligns more closely with generalist backgrounds. The profile compares favorably against the full candidate distribution on key dimensions; a structured technical screen is recommended without delay."
CAND_0060835,90,0.6912,"Senior Software Engineer with 6.6 years delivering large language models and NLP capabilities across roles. Relative to the evaluation set, signals of experience building search, ranking, and large-scale retrieval systems are below the observed median. The profile demonstrates fewer differentiated technical signals than higher-ranked candidates. Evidence from the broader 100k pool is consistently strong and differentiated; this profile merits serious consideration for a first-round technical evaluation."
CAND_0011687,91,0.6907,"Senior NLP Engineer with 7.8 years of functional and technical work in computer vision and deep learning. Relative to the evaluation set, signals of experience building search, ranking, and large-scale retrieval systems are below the observed median. Technical depth in the core areas evaluated is limited relative to the broader candidate set. The profile compares favorably against the full candidate distribution on key dimensions; inclusion in the shortlist for structured first-round screening is warranted."
CAND_0001494,92,0.6902,"Data Scientist demonstrating 6.4 years of consistent contribution to large language models and NLP. Provides comparatively less evidence of experience building search, ranking, and large-scale retrieval systems than higher-ranked profiles in this set. Differentiated technical evidence is sparse; the profile aligns more closely with generalist backgrounds. The profile compares favorably against the full candidate distribution on key dimensions; inclusion in the shortlist for structured first-round screening is warranted."
CAND_0039308,93,0.6889,"AI Research Engineer presenting 5.6 years of industry exposure to search and recommendation systems. Within this pool, provides baseline but undifferentiated signals of advanced modeling specialization. Evidence of sustained delivery and specialized technical ownership is limited. Multiple signals confirm strong technical evidence across the broader talent pool; scheduling a technical evaluation is a well-supported next step."
CAND_0068932,94,0.6883,"ML Engineer bringing 5.2 years of focused work in large language models and NLP. Compared with the top tier of this evaluation, the end-to-end ML production ownership foundation is narrower. Evidence of large-scale system ownership and domain specialization remains limited. Cross-referenced against the broader distribution, the profile demonstrates strong signals; a structured technical screen is recommended without delay."
CAND_0086154,95,0.6870,"Data Scientist with 6.8 years of domain exposure in production ML and MLOps. Against higher-ranked candidates, delivers weaker signals of broad multi-domain ML delivery. The profile demonstrates fewer differentiated technical signals than higher-ranked candidates. Evidence from the broader 100k pool is consistently strong and differentiated; scheduling a technical evaluation is a well-supported next step."
CAND_0082086,96,0.6863,"Senior Software Engineer with 6.0 years of experience in computer vision and deep learning. Relative to the evaluation set, signals of deep specialization in advanced machine learning and modeling techniques are below the observed median. End-to-end technical ownership and sustained delivery evidence is weaker than higher-ranked peers. Evidence from the broader 100k pool is consistently strong and differentiated; scheduling a technical evaluation is a well-supported next step."
CAND_0006850,97,0.6860,"Data Scientist with 3.7 years of accumulated production ML and MLOps experience. Against the stronger profiles reviewed, evidence of experience building search, ranking, and large-scale retrieval systems is less developed. Differentiated technical evidence is sparse; the profile aligns more closely with generalist backgrounds. Benchmarked against the broader pool, evidence is consistently above average; this profile merits serious consideration for a first-round technical evaluation."
CAND_0026362,98,0.6859,"Technology professional with 5.0 years of industry work in computer vision and deep learning. Relative to the evaluation set, signals of end-to-end ML production ownership are below the observed median. Limited signals of domain-specific specialization and end-to-end technical ownership are present. The profile compares favorably against the full candidate distribution on key dimensions; inclusion in the shortlist for structured first-round screening is warranted."
CAND_0015578,99,0.6837,"AI Engineer with 5.4 years of documented delivery in large language models and NLP. Against higher-ranked candidates, delivers weaker signals of deep specialization in advanced machine learning and modeling techniques. Limited signals of domain-specific specialization and end-to-end technical ownership are present. Benchmarked against the broader pool, evidence is consistently above average; this profile merits serious consideration for a first-round technical evaluation."
CAND_0032807,100,0.6830,"Machine Learning Engineer with 4.2 years of practical large language models and NLP background. The profile ranks below the central cluster, offering limited signals of strong practical technical signals despite limited external visibility. The profile demonstrates fewer differentiated technical signals than higher-ranked candidates. Evidence from the broader 100k pool is consistently strong and differentiated; this profile merits serious consideration for a first-round technical evaluation."
